<?xml version="1.0" encoding="utf-8"?>
<Page xmlns="http://schemas.nativescript.org/tns.xsd" navigatingTo="onNavigatingTo">
    <GridLayout rows="auto, *" class="p-4">
        <StackLayout row="0" class="mb-4">
            <TextView hint="Write your thoughts..." text="{{ currentEntry }}" class="input p-4 border rounded"/>
            <Button text="Save Entry" tap="{{ saveEntry }}" class="btn btn-primary mt-2"/>
        </StackLayout>
        <ListView row="1" items="{{ journalEntries }}" class="list-group">
            <ListView.itemTemplate>
                <StackLayout class="list-group-item">
                    <Label text="{{ date }}" class="text-sm text-gray-600"/>
                    <Label text="{{ content }}" textWrap="true"/>
                </StackLayout>
            </ListView.itemTemplate>
        </ListView>
    </GridLayout>
</Page>