<?xml version="1.0" encoding="utf-8"?>
<Page xmlns="http://schemas.nativescript.org/tns.xsd" navigatingTo="onNavigatingTo">
    <GridLayout rows="*, auto" class="p-4">
        <ListView row="0" items="{{ messages }}" class="mb-2">
            <ListView.itemTemplate>
                <StackLayout class="{{ isUser ? 'bg-blue-100' : 'bg-gray-100' }} p-2 m-1 rounded">
                    <Label text="{{ content }}" textWrap="true"/>
                </StackLayout>
            </ListView.itemTemplate>
        </ListView>
        <GridLayout row="1" columns="*, auto" class="mt-2">
            <TextField col="0" hint="Type your message..." text="{{ currentMessage }}" class="input p-2 border rounded"/>
            <Button col="1" text="Send" tap="{{ sendMessage }}" class="btn btn-primary ml-2"/>
        </GridLayout>
    </GridLayout>
</Page>