<?xml version="1.0" encoding="utf-8"?>
<Page xmlns="http://schemas.nativescript.org/tns.xsd" navigatingTo="onNavigatingTo">
    <StackLayout class="p-4">
        <Label text="Sign Up" class="text-2xl font-bold text-center mb-4"/>
        <TextField hint="Username" text="{{ username }}" class="input mb-2 p-4 border rounded"/>
        <TextField hint="Password" text="{{ password }}" secure="true" class="input mb-2 p-4 border rounded"/>
        <TextField hint="Confirm Password" text="{{ confirmPassword }}" secure="true" class="input mb-4 p-4 border rounded"/>
        <Button text="Sign Up" tap="{{ onSignup }}" class="btn btn-primary mb-2"/>
        <Button text="Back to Login" tap="{{ onNavigateToLogin }}" class="btn btn-secondary"/>
    </StackLayout>
</Page>