<?xml version="1.0" encoding="utf-8"?>
<Page xmlns="http://schemas.nativescript.org/tns.xsd" navigatingTo="onNavigatingTo">
    <StackLayout class="p-4">
        <Label text="How are you feeling today?" class="text-xl text-center mb-4"/>
        <GridLayout columns="*, *" class="mb-4">
            <Button text="😊 Positive" tap="{{ onPositiveMood }}" col="0" class="btn btn-success m-1"/>
            <Button text="😢 Negative" tap="{{ onNegativeMood }}" col="1" class="btn btn-danger m-1"/>
        </GridLayout>
        <Label text="{{ warningMessage }}" textWrap="true" class="text-red-500 text-center" visibility="{{ showWarning ? 'visible' : 'collapsed' }}"/>
        <ListView items="{{ moodHistory }}" height="300">
            <ListView.itemTemplate>
                <StackLayout class="list-group-item">
                    <Label text="{{ date }}" class="text-sm"/>
                    <Label text="{{ mood === 'positive' ? '😊' : '😢' }}" class="text-2xl"/>
                </StackLayout>
            </ListView.itemTemplate>
        </ListView>
    </StackLayout>
</Page>